{
    "p3vae": {
        "mean": {
            "in_mae": 5.260873696529444,
            "out_mae": 38.97188701153957,
            "gap": [
                1.0571035043925274,
                0.09652504538385998
            ]
        },
        "std": {
            "in_mae": 0.008138726528158459,
            "out_mae": 0.0666552750191846,
            "gap": [
                0.0,
                0.0
            ]
        }
    },
    "phyvae": {
        "mean": {
            "in_mae": 8.36542313452,
            "out_mae": 92.33826081948331,
            "gap": [
                0.37798587390831084,
                0.14727434899857617
            ]
        },
        "std": {
            "in_mae": 0.0008792703281423825,
            "out_mae": 0.01368447076303948,
            "gap": [
                0.0,
                0.0
            ]
        }
    },
    "vae": {
        "mean": {
            "in_mae": 5.235272373167743,
            "out_mae": 140.09352638007763,
            "gap": [
                0.016737736524806923,
                0.016766085434668287
            ]
        },
        "std": {
            "in_mae": 0.0006453024781568978,
            "out_mae": 0.005888486848215776,
            "gap": [
                0.0,
                0.0
            ]
        }
    }
}