{
    "1": {
        "f1_score_q": 0.9362094565789687,
        "f1_score_p": 0.0
    },
    "2": {
        "f1_score_q": 0.5014707857488274,
        "f1_score_p": 0.0
    },
    "3": {
        "f1_score_q": 0.8675191829388905,
        "f1_score_p": 0.0
    },
    "4": {
        "f1_score_q": 0.9743290901229481,
        "f1_score_p": 0.0
    },
    "5": {
        "f1_score_q": 0.537471761569427,
        "f1_score_p": 0.0
    },
    "6": {
        "f1_score_q": 0.9824793283947849,
        "f1_score_p": 0.0
    },
    "7": {
        "f1_score_q": 0.9174417428919875,
        "f1_score_p": 0.0
    },
    "8": {
        "f1_score_q": 0.8349883237499378,
        "f1_score_p": 0.0
    },
    "avg_f1_score_q": 0.8189887089994714,
    "avg_f1_score_p": 0.0,
    "f1_score_p": [
        0,
        0,
        0,
        0,
        0,
        0,
        0,
        0,
        0,
        0
    ],
    "f1_score_q": [
        0.8261172503889423,
        0.80839687779726,
        0.8212898162708515,
        0.840428428664043,
        0.8300758148057775,
        0.7856995520600496,
        0.8054896849054445,
        0.802629726481902,
        0.8612283090887689,
        0.8085316295316756
    ],
    "cm_q": [
        [
            [
                0.9629310344827586,
                0.03706896551724138,
                0.0,
                0.0,
                0.0,
                0.0,
                0.0,
                0.0
            ],
            [
                0.0,
                0.8696969696969697,
                0.0,
                0.0,
                0.1303030303030303,
                0.0,
                0.0,
                0.0
            ],
            [
                0.011353959693443088,
                0.027107578768095372,
                0.738858927050809,
                0.0,
                0.22267953448765257,
                0.0,
                0.0,
                0.0
            ],
            [
                0.0221606648199446,
                0.0,
                0.0,
                0.9778393351800554,
                0.0,
                0.0,
                0.0,
                0.0
            ],
            [
                0.0,
                0.0,
                0.0,
                0.0,
                1.0,
                0.0,
                0.0,
                0.0
            ],
            [
                0.010752688172043012,
                0.0,
                0.0,
                0.004301075268817204,
                0.0,
                0.9849462365591398,
                0.0,
                0.0
            ],
            [
                0.0,
                0.0,
                0.0,
                0.0,
                0.0,
                0.0,
                1.0,
                0.0
            ],
            [
                0.0,
                0.2005420054200542,
                0.0,
                0.0,
                0.0,
                0.0,
                0.0921409214092141,
                0.7073170731707317
            ]
        ],
        [
            [
                0.9853448275862069,
                0.014655172413793103,
                0.0,
                0.0,
                0.0,
                0.0,
                0.0,
                0.0
            ],
            [
                0.0,
                0.8939393939393939,
                0.0,
                0.0,
                0.10606060606060606,
                0.0,
                0.0,
                0.0
            ],
            [
                0.006670451319897814,
                0.14320181663355094,
                0.7097644053363611,
                0.0,
                0.13993755322168605,
                0.0004257734885041158,
                0.0,
                0.0
            ],
            [
                0.0,
                0.0,
                0.0,
                1.0,
                0.0,
                0.0,
                0.0,
                0.0
            ],
            [
                0.0,
                0.0,
                0.0,
                0.0,
                1.0,
                0.0,
                0.0,
                0.0
            ],
            [
                0.0,
                0.0,
                0.0,
                0.0,
                0.0,
                1.0,
                0.0,
                0.0
            ],
            [
                0.0,
                0.029574861367837338,
                0.0,
                0.0,
                0.0,
                0.0,
                0.9704251386321626,
                0.0
            ],
            [
                0.0,
                0.2886178861788618,
                0.0,
                0.0,
                0.0,
                0.04742547425474255,
                0.0,
                0.6639566395663956
            ]
        ],
        [
            [
                0.993103448275862,
                0.006896551724137931,
                0.0,
                0.0,
                0.0,
                0.0,
                0.0,
                0.0
            ],
            [
                0.0,
                0.6363636363636364,
                0.0030303030303030303,
                0.0,
                0.3606060606060606,
                0.0,
                0.0,
                0.0
            ],
            [
                0.02852682372977576,
                0.031791087141640646,
                0.775475447062163,
                0.0,
                0.16420664206642066,
                0.0,
                0.0,
                0.0
            ],
            [
                0.0,
                0.00554016620498615,
                0.0,
                0.9944598337950139,
                0.0,
                0.0,
                0.0,
                0.0
            ],
            [
                0.0,
                0.0,
                0.0,
                0.0,
                1.0,
                0.0,
                0.0,
                0.0
            ],
            [
                0.0,
                0.0,
                0.0,
                0.0,
                0.0,
                1.0,
                0.0,
                0.0
            ],
            [
                0.0,
                0.0,
                0.0,
                0.0,
                0.025878003696857672,
                0.0,
                0.9741219963031423,
                0.0
            ],
            [
                0.0,
                0.24525745257452575,
                0.0,
                0.0,
                0.0013550135501355014,
                0.0027100271002710027,
                0.036585365853658534,
                0.7140921409214093
            ]
        ],
        [
            [
                0.9620689655172414,
                0.03793103448275862,
                0.0,
                0.0,
                0.0,
                0.0,
                0.0,
                0.0
            ],
            [
                0.0,
                0.6818181818181818,
                0.0,
                0.0,
                0.3181818181818182,
                0.0,
                0.0,
                0.0
            ],
            [
                0.004967357365881351,
                0.030229917683792223,
                0.8585012773204656,
                0.0,
                0.10630144762986092,
                0.0,
                0.0,
                0.0
            ],
            [
                0.21329639889196675,
                0.002770083102493075,
                0.0,
                0.7839335180055401,
                0.0,
                0.0,
                0.0,
                0.0
            ],
            [
                0.0,
                0.0,
                0.0,
                0.0,
                1.0,
                0.0,
                0.0,
                0.0
            ],
            [
                0.0064516129032258064,
                0.0,
                0.0,
