{
    "jemmig_score": {
        "0": 0.6921034492913618,
        "1": 0.26313505226795697,
        "2": 0.2145204232101483,
        "3": 0.41535853365944936,
        "4": 0.41535853365944936,
        "avg_jemmig_score": 0.40009519841767316
    },
    "je": {
        "0": 3.0906814131769744,
        "1": 6.430605031033799,
        "2": 6.024851648112648,
        "3": 4.3914974020153394,
        "4": 4.3914974020153394
    },
    "gap": {
        "0": 1.0450819661115738,
        "1": 0.06759104555664402,
        "2": 0.02075872312590792,
        "3": 0.2771191435614225,
        "4": 0.2771191435614225
    },
    "1": {
        "confusions": {
            "5": 1.0
        },
        "f1_score_q": 0.9323206456654202,
        "f1_score_p": 0.863280404332945
    },
    "2": {
        "confusions": {
            "1": 0.6097207109176641,
            "4": 0.0003627130939426913,
            "5": 0.3899165759883932
        },
        "f1_score_q": 0.8053878848421705,
        "f1_score_p": 0.8487283178992582
    },
    "3": {
        "confusions": {
            "1": 0.20113460546673542,
            "4": 0.4713769984528107,
            "5": 0.3274883960804538
        },
        "f1_score_q": 0.8643728470788447,
        "f1_score_p": 0.8306329961210258
    },
    "4": {
        "confusions": {
            "1": 0.001452081316553727,
            "3": 0.07308809293320426,
            "5": 0.925459825750242
        },
        "f1_score_q": 0.8589284803379293,
        "f1_score_p": 0.751820271436982
    },
    "5": {
        "confusions": {},
        "f1_score_q": 0.7622844740754235,
        "f1_score_p": 0.7656529486663347
    },
    "avg_f1_score_q": 0.8446588663999576,
    "avg_f1_score_p": 0.8120229876913091,
    "disentanglement": 0.8313810630761925,
    "completeness": 0.4285559316256647,
    "informativeness": 0.15322580754756926,
    "f1_score_p": [
        0.8268175135019534,
        0.8837450999905954,
        0.8688223295818188,
        0.9058121010694933,
        0.8491868143891744,
        0.8794817147825289,
        0.364234986726467,
        0.8309336895603049,
        0.852167266610006,
        0.8590283607007496
    ],
    "f1_score_q": [
        0.8483308728472194,
        0.8439365832843642,
        0.8625037201506506,
        0.8443548452165683,
        0.827602451611732,
        0.8400917109905278,
        0.8579353481220713,
        0.8296904471239304,
        0.8486800062181656,
        0.8434626784343462
    ]
}