{
    "jemmig_score": {
        "avg_jemmig_score": 0
    },
    "1": {
        "confusions": {},
        "f1_score_q": 0.9213750406421285,
        "f1_score_p": 0.9213750406421285
    },
    "2": {
        "confusions": {},
        "f1_score_q": 0.7944762533979114,
        "f1_score_p": 0.7944762533979114
    },
    "3": {
        "confusions": {},
        "f1_score_q": 0.9055662205996028,
        "f1_score_p": 0.9055662205996028
    },
    "4": {
        "confusions": {},
        "f1_score_q": 0.8681956831735013,
        "f1_score_p": 0.8681956831735013
    },
    "5": {
        "confusions": {},
        "f1_score_q": 0.8176917187298164,
        "f1_score_p": 0.8176917187298164
    },
    "avg_f1_score_q": 0.861460983308592,
    "avg_f1_score_p": 0.861460983308592,
    "disentanglement": 0,
    "completeness": 0,
    "informativeness": 0
}