{
    "1": {
        "f1_score_q": 0.8646261500874095,
        "f1_score_p": 0.0
    },
    "2": {
        "f1_score_q": 0.33837243472790607,
        "f1_score_p": 0.0
    },
    "3": {
        "f1_score_q": 0.7820417873384166,
        "f1_score_p": 0.0
    },
    "4": {
        "f1_score_q": 0.9444781722372555,
        "f1_score_p": 0.0
    },
    "5": {
        "f1_score_q": 0.40666107200791296,
        "f1_score_p": 0.0
    },
    "6": {
        "f1_score_q": 0.9356228492743625,
        "f1_score_p": 0.0
    },
    "7": {
        "f1_score_q": 0.9071224532706323,
        "f1_score_p": 0.0
    },
    "8": {
        "f1_score_q": 0.7638208637491148,
        "f1_score_p": 0.0
    },
    "avg_f1_score_q": 0.7428432228366264,
    "avg_f1_score_p": 0.0,
    "f1_score_p": [
        0,
        0,
        0,
        0,
        0,
        0,
        0,
        0,
        0,
        0
    ],
    "f1_score_q": [
        0.7789046791034722,
        0.7044295302335108,
        0.7193964310037971,
        0.7499862588032609,
        0.7619178564063351,
        0.7640311135761964,
        0.727027263165639,
        0.7389016056989434,
        0.7298998177986656,
        0.7539376725764421
    ],
    "cm_q": [
        [
            [
                0.9419889502762431,
                0.058011049723756904,
                0.0,
                0.0,
                0.0,
                0.0,
                0.0,
                0.0
            ],
            [
                0.0,
                0.8153846153846154,
                0.0,
                0.0,
                0.18461538461538463,
                0.0,
                0.0,
                0.0
            ],
            [
                0.004342790966994789,
                0.031557614360162134,
                0.6661841343370006,
                0.0,
                0.2979154603358425,
                0.0,
                0.0,
                0.0
            ],
            [
                0.0,
                0.0,
                0.0,
                1.0,
                0.0,
                0.0,
                0.0,
                0.0
            ],
            [
                0.0,
                0.0,
                0.0,
                0.0,
                1.0,
                0.0,
                0.0,
                0.0
            ],
            [
                0.0,
                0.0,
                0.0,
                0.0,
                0.0,
                1.0,
                0.0,
                0.0
            ],
            [
                0.0,
                0.07763401109057301,
                0.0,
                0.0,
                0.0,
                0.0,
                0.922365988909427,
                0.0
            ],
            [
                0.0,
                0.266025641025641,
                0.0,
                0.0,
                0.0,
                0.017628205128205128,
                0.08814102564102565,
                0.6282051282051282
            ]
        ],
        [
            [
                0.7348066298342542,
                0.26519337016574585,
                0.0,
                0.0,
                0.0,
                0.0,
                0.0,
                0.0
            ],
            [
                0.0,
                0.7230769230769231,
                0.0,
                0.0,
                0.27692307692307694,
                0.0,
                0.0,
                0.0
            ],
            [
                0.0033294730746960045,
                0.032860451650260566,
                0.6273885350318471,
                0.0,
                0.3364215402431963,
                0.0,
                0.0,
                0.0
            ],
            [
                0.004132231404958678,
                0.0,
                0.0,
                0.9958677685950413,
                0.0,
                0.0,
                0.0,
                0.0
            ],
            [
                0.0,
                0.0,
                0.0,
                0.0,
                1.0,
                0.0,
                0.0,
                0.0
            ],
            [
                0.0,
                0.0,
                0.0,
                0.016025641025641024,
                0.0,
                0.9807692307692307,
                0.003205128205128205,
                0.0
            ],
            [
                0.0,
                0.0073937153419593345,
                0.0,
                0.0,
                0.5157116451016636,
                0.0,
                0.47689463955637706,
                0.0
            ],
            [
                0.0,
                0.3525641025641026,
                0.0,
                0.0016025641025641025,
                0.0,
                0.009615384615384616,
                0.01282051282051282,
                0.6233974358974359
            ]
        ],
        [
            [
                0.8052486187845304,
                0.19475138121546962,
                0.0,
                0.0,
                0.0,
                0.0,
                0.0,
                0.0
            ],
            [
                0.0,
                0.8153846153846154,
                0.0,
                0.0,
                0.18461538461538463,
                0.0,
                0.0,
                0.0
            ],
            [
                0.006803705848291835,
                0.031412854661262306,
                0.6155182397220614,
                0.0,
                0.3462651997683845,
                0.0,
                0.0,
                0.0
            ],
            [
                0.0,
                0.0,
                0.0,
                1.0,
                0.0,
                0.0,
                0.0,
                0.0
            ],
            [
                0.0,
                0.0,
                0.0,
                0.0,
                1.0,
                0.0,
                0.0,
                0.0
            ],
            [
                0.0,
                0.0,
                0.0,
                0.266025641025641,
                0.0,
                0.7339743589743589,
                0.0,
                0.0
            ],
            [
                0.0,
                0.022181146025878003,
                0.0,
                0.0,
                0.012939001848428836,
                0.0,
                0.9648798521256932,
                0.0
            ],
            [
                0.0,
                0.3125,
                0.0,
                0.02403846153846154,
                0.0,
                0.009615384615384616,
                0.03685897435897436,
                0.6169871794871795
            ]
        ],
        [
            [
                0.8204419889502762,
                0.17955801104972377,
                0.0,
                0.0,
                0.0,
                0.0,
                0.0,
                0.0
            ],
            [
                0.0,
                0.7076923076923077,
                0.0,
                0.0,
                0.2923076923076923,
                0.0,
                0.0,
                0.0
            ],
            [
                0.005645628257093225,
                0.03039953676896352,
                0.6318760856977418,
                0.0,
                0.3320787492762015,
                0.0,
                0.0,
                0.0
            ],
            [
                0.0,
                0.0,
                0.0,
                1.0,
                0.0,
                0.0,
                0.0,
                0.0
            ],
            [
                0.0,
                0.0,
                0.0,
                0.0,
                1.0,
                0.0,
                0.0,
                0.0
            ],
            [
                0.0,
                0.0,
                0.0,
