{
    "1": {
        "f1_score_q": 0.958596356756157,
        "f1_score_p": 0.0
    },
    "2": {
        "f1_score_q": 0.5396018584456934,
        "f1_score_p": 0.0
    },
    "3": {
        "f1_score_q": 0.9807892227624702,
        "f1_score_p": 0.0
    },
    "4": {
        "f1_score_q": 0.9983555960117699,
        "f1_score_p": 0.0
    },
    "5": {
        "f1_score_q": 0.9891676426938842,
        "f1_score_p": 0.0
    },
    "6": {
        "f1_score_q": 0.9847205383875126,
        "f1_score_p": 0.0
    },
    "7": {
        "f1_score_q": 0.9936414861322058,
        "f1_score_p": 0.0
    },
    "8": {
        "f1_score_q": 0.8663716173980619,
        "f1_score_p": 0.0
    },
    "avg_f1_score_q": 0.9139055398234693,
    "avg_f1_score_p": 0.0,
    "f1_score_p": [
        0,
        0,
        0,
        0,
        0,
        0,
        0,
        0,
        0,
        0
    ],
    "f1_score_q": [
        0.91173813219107,
        0.9128877827977447,
        0.9028960559316749,
        0.9229229033341853,
        0.9302574389736074,
        0.9038776719990136,
        0.9185349641105429,
        0.9136503541628603,
        0.9069637661963319,
        0.9153263285376625
    ],
    "cm_q": [
        [
            [
                0.9903314917127072,
                0.0055248618784530384,
                0.0,
                0.004143646408839779,
                0.0,
                0.0,
                0.0,
                0.0
            ],
            [
                0.0,
                1.0,
                0.0,
                0.0,
                0.0,
                0.0,
                0.0,
                0.0
            ],
            [
                0.0036189924724956573,
                0.03228141285466126,
                0.9633757961783439,
                0.0,
                0.0007237984944991314,
                0.0,
                0.0,
                0.0
            ],
            [
                0.0,
                0.0,
                0.0,
                1.0,
                0.0,
                0.0,
                0.0,
                0.0
            ],
            [
                0.0,
                0.0,
                0.0,
                0.0,
                1.0,
                0.0,
                0.0,
                0.0
            ],
            [
                0.0,
                0.022435897435897436,
                0.0,
                0.0,
                0.0,
                0.9775641025641025,
                0.0,
                0.0
            ],
            [
                0.0,
                0.0,
                0.0,
                0.0,
                0.0036968576709796672,
                0.0,
                0.9963031423290203,
                0.0
            ],
            [
                0.0,
                0.22916666666666666,
                0.0,
                0.0,
                0.0,
                0.01282051282051282,
                0.0,
                0.7580128205128205
            ]
        ],
        [
            [
                0.9917127071823204,
                0.006906077348066298,
                0.0,
                0.0013812154696132596,
                0.0,
                0.0,
                0.0,
                0.0
            ],
            [
                0.0,
                1.0,
                0.0,
                0.0,
                0.0,
                0.0,
                0.0,
                0.0
            ],
            [
                0.006079907353792704,
                0.029530978575564564,
                0.9638100752750435,
                0.0,
                0.0005790387955993051,
                0.0,
                0.0,
                0.0
            ],
            [
                0.0,
                0.0,
                0.0,
                1.0,
                0.0,
                0.0,
                0.0,
                0.0
            ],
            [
                0.0,
                0.0,
                0.0,
                0.0,
                1.0,
                0.0,
                0.0,
                0.0
            ],
            [
                0.0,
                0.0,
                0.0,
                0.0,
                0.0,
                1.0,
                0.0,
                0.0
            ],
            [
                0.0,
                0.0,
                0.0,
                0.0,
                0.005545286506469501,
                0.0,
                0.9926062846580407,
                0.0018484288354898336
            ],
            [
                0.0,
                0.23397435897435898,
                0.0,
                0.0,
                0.0,
                0.016025641025641024,
                0.0,
                0.75
            ]
        ],
        [
            [
                0.9848066298342542,
                0.015193370165745856,
                0.0,
                0.0,
                0.0,
                0.0,
                0.0,
                0.0
            ],
            [
                0.0,
                1.0,
                0.0,
                0.0,
                0.0,
                0.0,
                0.0,
                0.0
            ],
            [
                0.0037637521713954833,
                0.03199189345686161,
                0.9593225246091488,
                0.0,
                0.004921829762594094,
                0.0,
                0.0,
                0.0
            ],
            [
                0.0,
                0.0,
                0.0,
                1.0,
                0.0,
                0.0,
                0.0,
                0.0
            ],
            [
                0.0,
                0.0,
                0.0,
                0.0,
                1.0,
                0.0,
                0.0,
                0.0
            ],
            [
                0.0,
                0.0,
                0.0,
                0.00641025641025641,
                0.0,
                0.9935897435897436,
                0.0,
                0.0
            ],
            [
                0.0,
                0.0,
                0.0,
                0.0,
                0.0073937153419593345,
                0.0,
                0.9926062846580407,
                0.0
            ],
            [
                0.0,
                0.28846153846153844,
                0.0,
                0.0016025641025641025,
                0.0,
                0.00641025641025641,
                0.0,
                0.7035256410256411
            ]
        ],
        [
            [
                0.9917127071823204,
                0.008287292817679558,
                0.0,
                0.0,
                0.0,
                0.0,
                0.0,
                0.0
            ],
            [
                0.0,
                1.0,
                0.0,
                0.0,
                0.0,
                0.0,
                0.0,
                0.0
            ],
            [
                0.013462651997683844,
                0.022148233931673422,
                0.9638100752750435,
                0.0,
                0.0005790387955993051,
                0.0,
                0.0,
                0.0
            ],
            [
                0.0,
                0.0,
                0.0,
                1.0,
                0.0,
                0.0,
                0.0,
                0.0
            ],
            [
                0.0,
                0.0,
                0.0,
                0.0,
                1.0,
                0.0,
                0.0,
                0.0
            ],
            [
                0.0,
                0.0,
                0.0,
                0.0,
                0.0,
                1.0,
                0.0,
                0.0
            ],
            [
                0.0,
                0.0,
                0.0,
