{
    "jemmig_score": {
        "0": 0.7764566524517063,
        "1": 0.2481630343062118,
        "2": 0.06142176912878415,
        "3": 0.41907973337439663,
        "4": 0.41907973337439663,
        "avg_jemmig_score": 0.3848401845270991
    },
    "je": {
        "0": 2.681817493556868,
        "1": 7.344500269003239,
        "2": 7.186616950304636,
        "3": 4.396639901733333,
        "4": 4.396639901733333
    },
    "gap": {
        "0": 1.19664285588234,
        "1": 0.8521991462092433,
        "2": 0.012259930671881891,
        "3": 0.30844935674828156,
        "4": 0.30844935674828156
    },
    "1": {
        "confusions": {
            "3": 0.034954407294832825,
            "4": 0.06231003039513678,
            "5": 0.9027355623100304
        },
        "f1_score_q": 0.9162812132337868,
        "f1_score_p": 0.9620005495026496
    },
    "2": {
        "confusions": {
            "5": 1.0
        },
        "f1_score_q": 0.8160326712965016,
        "f1_score_p": 0.9705558150494317
    },
    "3": {
        "confusions": {
            "1": 0.031604054859868815,
            "4": 0.39713774597495527,
            "5": 0.571258199165176
        },
        "f1_score_q": 0.8798491890791929,
        "f1_score_p": 0.9008728343266008
    },
    "4": {
        "confusions": {
            "1": 0.022424439389015276,
            "3": 0.18329541761455964,
            "5": 0.7942801429964251
        },
        "f1_score_q": 0.8712966424583057,
        "f1_score_p": 0.8967341530087706
    },
    "5": {
        "confusions": {
            "3": 0.0975609756097561,
            "4": 0.9024390243902439
        },
        "f1_score_q": 0.8084578873884053,
        "f1_score_p": 0.9264013967889737
    },
    "avg_f1_score_q": 0.8583835206912385,
    "avg_f1_score_p": 0.9313129497352851,
    "disentanglement": 0.6214316106086817,
    "completeness": 0.46144243918209094,
    "informativeness": 0.28227011989802125,
    "f1_score_p": [
        0.8997561144007263,
        0.9566189295673662,
        0.94442123586464,
        0.955451440015102,
        0.9342491586615584,
        0.9194197868117876,
        0.9513111872760034,
        0.9335110958239262,
        0.9578848646062734,
        0.8605056843254693
    ],
    "f1_score_q": [
        0.855596344490029,
        0.863886040306931,
        0.8633481043657986,
        0.8610280099109745,
        0.8658943920000461,
        0.8543114788701793,
        0.8590529711228947,
        0.8508685766794509,
        0.8578011206536413,
        0.852048168512439
    ]
}