{
    "jemmig_score": {
        "0": 0.6668150304914424,
        "1": 0.2185011608842019,
        "2": 0.11603263712688934,
        "3": 0.3886216350818118,
        "4": 0.3886216350818118,
        "avg_jemmig_score": 0.35571841973323143
    },
    "je": {
        "0": 2.8295277887294317,
        "1": 6.929359064515451,
        "2": 6.853097534907917,
        "3": 4.504473910742473,
        "4": 4.504473910742473
    },
    "gap": {
        "0": 0.6159174451625445,
        "1": 0.1809202111907621,
        "2": 0.09617813665145011,
        "3": 0.20193637769094833,
        "4": 0.20193637769094833
    },
    "1": {
        "confusions": {
            "2": 0.08651399491094147,
            "3": 0.09796437659033079,
            "4": 0.044529262086514,
            "5": 0.7709923664122137
        },
        "f1_score_q": 0.9255536460172923,
        "f1_score_p": 0.941165245857287
    },
    "2": {
        "confusions": {
            "5": 1.0
        },
        "f1_score_q": 0.799169016659742,
        "f1_score_p": 0.8812707078392701
    },
    "3": {
        "confusions": {
            "1": 0.002186987424822307,
            "2": 0.02186987424822307,
            "4": 0.6063422635319847,
            "5": 0.36960087479496995
        },
        "f1_score_q": 0.8675669476661322,
        "f1_score_p": 0.8980812216590105
    },
    "4": {
        "confusions": {
            "3": 0.24793388429752067,
            "5": 0.7520661157024794
        },
        "f1_score_q": 0.8643139608842675,
        "f1_score_p": 0.9162326601295931
    },
    "5": {
        "confusions": {
            "1": 0.01818181818181818,
            "2": 0.01818181818181818,
            "3": 0.07272727272727272,
            "4": 0.8909090909090909
        },
        "f1_score_q": 0.7417249292216085,
        "f1_score_p": 0.8466527001350751
    },
    "avg_f1_score_q": 0.8396657000898085,
    "avg_f1_score_p": 0.8966805071240471,
    "disentanglement": 0.46383893125987796,
    "completeness": 0.48419373463466675,
    "informativeness": 0.2694572019577026,
    "f1_score_p": [
        0.9051492625310499,
        0.9282617110264055,
        0.9137690700578778,
        0.8929183935335566,
        0.8756282590954798,
        0.9231856955058275,
        0.8667653139265908,
        0.8308885375290366,
        0.887878113502016,
        0.9423607145326311
    ],
    "f1_score_q": [
        0.840576477094362,
        0.8470671003406349,
        0.8551034562152457,
        0.843555762751811,
        0.8276110021377552,
        0.8488270963731823,
        0.8463637831098292,
        0.8226737142127505,
        0.8260231858660302,
        0.8388554227964842
    ]
}